{"e": 73.33333333333333, "n": 83.33333333333333, "a": 183.33333333333334, "c": 83.33333333333334, "o": 156.66666666666666}