{"e": 62.698412698412696, "n": 20.634920634920633, "a": 53.96825396825397, "c": 71.42857142857143, "o": 72.22222222222221}