{"extraversion": 0.3333333333333333, "neuroticism": 0.3333333333333333, "agreeableness": 0.8333333333333334, "conscientiousness": 0.8333333333333334, "openness": 0.6666666666666666}